Total Revenue (£),Transactions,Avg Line Value (£)
6682664.86,391150,17.084660258212963
1322044.15,131388,10.06213771425092
